POLISH,ENGLISH
nie,no
to,this
się,myself
w,In
na,on
i,and
że,that
z,with
co,What
jest,is
do,down
tak,Yes
o,about
jak,how
ale,but
a,and
mnie,me
mi,to me
za,behind
ja,I
tym,this
tego,this
go,him
ci,you
po,after
tylko,just
czy,if
tu,here
może,maybe
ma,she
ty,you
cię,you
mam,I have
jesteś,you are
już,already
jeśli,if
dla,for
wiem,I know
coś,something
dobrze,well
więc,so
od,from
teraz,now
pan,Mr
wszystko,all
być,to be
będzie,will be
masz,you have
nic,Thread
tam,over there
mogę,I can
proszę,please
jej,her
są,there are
gdzie,where
kiedy,when
ten,this
on,he
ciebie,you
by,to
sobie,herself
ze,with
był,was
wiesz,you know
bardzo,very
było,was
przez,by
jego,his
ją,I
chcę,want
dlaczego,why
pani,you
jeszcze,still
mój,my
nas,us
żeby,in order to
no,Well
bo,because
chcesz,you want
ich,their
też,also
tutaj,here
naprawdę,really
nigdy,never
mamy,we have
kto,who
możesz,you can
dobra,Okay
przepraszam,sorry
mu,him
gdy,when
muszę,I have to
porządku,order
dziękuję,Thank you
nawet,even
chyba,I guess
domu,home
ona,she
prawda,TRUE
zrobić,to do
była,was
właśnie,exactly
będę,I'll be
zawsze,always
hej,Hi
nim,nimble
nam,U.S
te,these
moja,my
musisz,you have to
je,eat
dzięki,Thanks
bez,without
tej,this
trochę,a bit
ktoś,someone
panie,ladies
jesteśmy,we're
moje,my
powiedzieć,tell
który,which
czas,time
więcej,more
twój,your
musimy,We need
lat,years
ta,this
chce,I want
możemy,we can
wszyscy,all
tobą,you
albo,or
prostu,simply
chodzi,goes
razem,together
stało,constant
mną,mine
czego,what
sam,alone
myślę,I think
pana,Mr
przed,before
boże,God
raz,once
czemu,why
będziesz,you will be
niż,than
ludzie,people
dalej,next
czym,what
was,mustache
dobry,good
przy,by
ludzi,people
dzień,day
życie,life
lepiej,better
miał,had
rzeczy,stuff
twoja,your
czasu,time
ok,okay
temu,ago
robisz,you do
myślisz,you think
kim,Who is
niech,let
które,which
oczywiście,of course
siebie,myself
niego,him
cóż,well
powiedział,he said
u,at
daj,give
moim,my
chodź,come
musi,has to
my,we
nikt,nobody
twoje,your
tych,languish
pod,under
dlatego,this is why
pewnie,sure
powiedz,Say
aby,to
wtedy,then
wygląda,look
jeden,one
mojego,my
im,them
mówi,says
dziś,today
taki,such
mieć,to have
jako,as
dwa,two
potem,later
wie,know
takie,such
nią,on her
wszystkie,all
znaczy,mean
rozumiem,I understand
dzieje,scent
moją,my
będziemy,we will
wiele,many
stąd,hence
oni,they
mojej,my
miejsce,place
iść,to go
kilka,a few
pomóc,help
dużo,A lot
ile,how much
jasne,bright
byłem,I was
swoje,own
myśli,thinks
cały,whole
skąd,from where
wiedzieć,know
dzieci,children
nich,them
która,which
wam,you
przykro,sorry
można,you can
jakieś,some
tę,these
wszystkich,all
nad,above
jakiś,some
sposób,way
trzeba,it's necessary to
mają,have
niej,it
pracy,work
kogoś,someone
tyle,so much
robić,to do
bardziej,more
mówisz,you speak
zanim,before
zbyt,too
szybko,quick
dzisiaj,today
tobie,you
takiego,such
świetnie,Great
zobaczyć,see
zaraz,in a minute
pewno,surely
miałem,I had
kocham,I love
mówię,I say
nadal,still
jaki,what
rację,race
kochanie,baby
myślałem,I thought
trzy,three
ojciec,father
ani,or
robi,do
stanie,will
tą,this
później,later
ponieważ,because
idź,go
życia,life
twoim,your
przestań,stop
sie,myself
swoją,in
chciałem,I wanted
długo,long
mamo,mamom
kiedyś,once
cholera,cholera
wciąż,still
nadzieję,hope
aż,until
będą,will
jutro,tomorrow
każdy,everyone
dni,days
problem,problem
widzę,I see
mógł,he could
stary,old
taka,such
żebyś,do
widzisz,you see
twojej,your
tato,dad
potrzebuję,need
znowu,again
kurwa,whore
dziecko,kid
nocy,night
znaleźć,to find
sama,alone
dokładnie,Exactly
dnia,day
oh,oh
pierwszy,first
czuję,I feel
pieniądze,money
powiem,will
zrobił,did
nami,us
miała,she had
twoją,your
gdyby,if
nasz,our
nasze,our
razie,present
samo,itself
były,were
dobre,good
słuchaj,listen
koniec,the end
chciał,she wanted
widziałem,I saw
jakie,what
wszystkim,all
znam,I know
wcześniej,earlier
spokój,peace
chwilę,moments
mama,mom
sobą,in
zostać,stay
został,left
wy,you
czegoś,doom
żyje,lives
mówić,to talk
bym,for
którzy,who
porozmawiać,talk
spójrz,look
roku,year
mogą,can
chciałbym,I'd like
zabić,kill
poza,apart from
dom,House
we,in
imię,name
twojego,your
lub,or
och,oh
miło,nice
którą,which
kogo,whom
sir,sir
minut,minute
jakby,as if
prawie,almost
drzwi,door
byłam,I was
jesteście,you are
posłuchaj,listen
powiedziałem,I said
powodu,reason
powinniśmy,we should
gdzieś,somewhere
końcu,end
lubię,I like
mów,talk
sprawy,issues
czekaj,wait
pomysł,idea
zrobię,I will do
wiemy,we know
wydaje,spends
byłeś,you were
razy,times
moich,my
człowiek,man
jednak,but
innego,another
dość,enough
pomocy,help
przecież,yet
panu,lady
broń,weapon
żadnych,any
noc,night
macie,you have
ciągle,Still
c,c
żebym,for
źle,badly
powiedziała,she said
facet,guy
mówiłem,I said
którego,whose
podoba,like
miejscu,place
jeżeli,if
skoro,since
ego,ego
ojca,father
powinieneś,you should
lata,years
sprawa,thing
niczego,nobody
takim,such
pamiętasz,Do you remember
sądzę,I think
właściwie,actually
dwie,two
pokoju,room
którym,which
myślałam,I thought
jedno,one
idziemy,we go
również,also
bądź,be
znasz,you know
swój,your
swojego,itself
byś,you would
chodźmy,let
nowy,new
chciałam,I wanted
pewien,a
wczoraj,yesterday
jedną,one
musiał,muster
której,which
idę,I'm going
poważnie,seriously
swoim,with his
życiu,life
rozumiesz,you understand
których,which
podczas,during
miałam,I had
oczy,eyes
rano,in the morning
sprawę,matter
wystarczy,enough
spokojnie,relax
całą,whole
telefon,Telephone
rzecz,thing
matka,mother
samochód,car
świat,world
nimi,doom
dwóch,two
pracę,work
dać,to give
byli,they were
powinienem,I should
weź,take
jedna,one
zamknij,close
the,the
mały,small
da,da
pozwól,let
całe,all
wina,fault
wiedziałem,I knew
wrócić,come back
między,between
chcą,want to
idzie,goes
śmierci,death
mówił,said
numer,number
oto,here
miejsca,places
dopóki,as long as
czujesz,you feel
cokolwiek,whatever
swojej,his
nikogo,nobody
dam,dam
powiedziałeś,you said
tłumaczenie,translation
dziewczyna,girl
najpierw,Firstly
pamiętam,I remember
powiesz,you will say
pytanie,question
inaczej,otherwise
świecie,world
znów,again
wyglądasz,you look
przynajmniej,at least
widzieć,see
prawdę,truth
zrobiłem,I did
śmierć,death
swoich,herself
halo,Hello
gdybym,if I
jednego,one
pieniędzy,money
brzmi,sound
wierzę,I believe
innych,other
trzymaj,hold
robię,I am doing
ogóle,at all
super,cool
kobiety,women
potrzebuje,need
tata,dad
pójdę,I will go
wielu,many
dokąd,where
ręce,hands
zrobiłeś,you made
miłość,love
całkiem,quite
naszej,ours
nasza,our
możliwe,possible
gra,game
prawo,law
inne,another
każdym,each
chwili,moment
kobieta,woman
jednym,one
zrób,make
ważne,important
wybacz,Sorry
żona,wife
chcemy,we want
działa,it works
byłoby,would be
także,too
słyszałem,I heard
wiedział,he knew
dziewczyny,Girls
drogi,expensive
pewna,certain
wiecie,you know
mówią,they say
cieszę,I'm happy
dopiero,only
poznać,to get to know
serce,heart
inny,other
witam,Hello
pojęcia,concepts
parę,a couple
przeciwko,against
udało,succeeded
powinien,should
została,she stayed
naszym,our
raczej,rather
wiadomość,message
pięć,bake
s,s
każdego,every
godziny,hours
plan,plan
wcale,at all
ciało,body
słowa,words
witaj,Welcome
naszego,our
mogła,she could
czasie,time
dostać,to receive
nowego,new
czymś,on
stać,be
oznacza,means
jaką,what
naszych,our
patrz,Look
czyli,that is
twoich,your
człowieka,human
czasem,sometimes
dziwne,weird
żyć,lives
zostaw,leave
zabrać,take
żadnego,any
cholery,cholera
ostatnio,lately
rodziny,families
ciężko,hard
martw,worry
miałeś,you had
rozmawiać,to talk
rób,do
ziemi,land
nazywa,call
panowie,gentlemen
bóg,God
widziałam,I saw
szczęście,luck
syn,son
takich,such
sprawie,case
zabił,killed
powrotem,back
możecie,you can
godzin,hours
potrzebujemy,We need
diabła,devil
panią,lady
powinnaś,you should
ostatni,last
zrobimy,we will do
mąż,husband
wyjść,exit
krwi,blood
szkoły,school
nieźle,not bad
syna,son
natychmiast,immediately
słucham,I'm listening
mieliśmy,we had
taką,such
wszystkiego,all
widziałeś,you've seen
serio,seriously
policja,Police
chciała,she wanted
zrobisz,do
byliśmy,We were
radę,council
zgadza,agree
one,they
czasami,sometimes
końca,end
idziesz,you go
zostanie,will
powinnam,should
byłaś,you were
mogłem,I could
drodze,road
mieli,they had
najbardziej,the most
pomoc,help
jaka,what
cztery,four
john,john
strony,pages
część,part
należy,belongs
jack,jack
kimś,in
głowy,head
brat,brother
zobaczenia,see
blisko,near
zaczekaj,Wait
powiedziałam,I said
uwierzyć,believe
skarbie,Honey
zły,bad
naszą,our
wieczór,evening
dolarów,dollars
twarz,face
zostało,left
świata,world
cała,whole
potrzebujesz,you need
środku,middle
pokój,room
innym,other
obchodzi,care
spotkanie,meeting
chcecie,you want
gotowy,ready
doktorze,doctors
temat,topic
wielki,large
uważaj,be careful
daleko,far
pół,half
ode,from
uda,thighs
dr,drum
chociaż,though
kiedykolwiek,whenever
rok,year
lecz,but
miasta,cities
d,d
poczekaj,wait
robota,job
racja,right
człowiekiem,human
wieczorem,in the evening
zależy,it depends
dobranoc,good night
późno,late
chciałabym,I would like
mógłbym,I could
krew,blood
gdybyś,you were
wziąć,to take
lubi,likes
słowo,word
powinno,should
zewnątrz,outside
nowe,new
rodzina,family
wspaniale,excellent
mówiąc,say
stronie,side
miesięcy,monthly
głowę,head
robimy,do
znalazłem,I found
lubisz,do you like
mniej,less
wrócę,come back
wejść,entrance
wypadek,accident
pierwsze,first
szybciej,faster
tydzień,week
chłopaki,boys
nieważne,does not matter
pójść,go
praca,Work
czeka,waiting
zobaczymy,we'll see
taa,taa
szansę,chances
wiedziałam,I knew
widział,seen
wody,water
dawaj,come on
zna,know
mała,little
jezu,Jesus
zrobi,do
pracować,work
moi,my
serca,hearts
jakoś,somehow
złe,badly
chwila,one SEC
prawa,laws
sądzisz,you think
według,according to
spotkać,meet
kapitanie,captain
zupełnie,quite
sprawdzić,to check
mogli,they could
ojcem,father
you,you
boga,god
okej,okay
wspólnego,shared
mówiłeś,you said
mieście,city
robią,do
chłopak,boy
jechać,to go
prawdopodobnie,probably
doktor,doctor
spać,to sleep
pracuje,works
zdjęcia,photos
wasza,yours
uwagę,attention
myśleć,think
mówiłam,I said
znać,know
t,t
ciała,body
mógłbyś,you could
problemy,problem
okay,okay
film,movie
gotowa,ready
tymi,forth
zdjęcie,picture
pogadać,talk
brak,lack
powiedziałaś,you told
wiedzą,knowledge
dał,gave
małe,small
pomoże,help
ponad,above
mało,little
kilku,a few
koleś,dude
wkrótce,soon
rękę,hand
razu,once
mógłby,could
ostatnie,last
miasto,city
zrobiła,she did
przyjaciół,friends
stronę,direction
góry,mountains
nazwisko,name
wami,you
pa,pa
całym,All
drogę,way
wystarczająco,enough
zatrzymać,stop
droga,way
niemożliwe,impossible
jakąś,some
mike,mike
odejść,go
broni,weapon
zmienić,to change
wszędzie,everywhere
prosto,straight
rodzice,parents
początku,beginning
policji,police
nagle,suddenly
drugi,second
brata,brother
przyjaciel,friend
wielkie,big
człowieku,Man
choć,though
samego,alone
muszą,must
często,often
dziecka,child
pomóż,help
dobrym,good
kłopoty,troubles
nazywam,My name is
większość,majority
zacząć,start
roboty,robots
zaczyna,starting
żaden,no
pozwolić,to let
matki,mother
miłości,love
trudno,hard
błąd,mistake
drugiej,second
głowie,head
dziewczynę,girl
pokaż,show
córka,daughter
godzinę,hour
michael,michael
żadnej,any
jedynie,only
szkole,School
pierwsza,first
musiałem,I had to
wracaj,come back
szkoda,pity
george,George
siostra,sister
zapomnij,forget
pomyślałem,I thought
słyszysz,you hear
ponownie,again
przyszedł,came
całkowicie,fully
charlie,charlie
zamiast,instead
trzymać,keep
musicie,must
czuje,I feel
gówno,shit
trzech,three
rady,advice
dowiedzieć,learn
jakaś,some
obiecuję,I promise
osób,persons
niestety,Unfortunately
zadzwonić,call
samochodu,car
czekać,wait
zatem,therefore
jakim,which
miało,was supposed to
piękna,beautiful
oraz,and
zostań,stay
rany,wounds
jedziemy,we drive
dasz,give
kraju,country
zrobiłam,I did
zostawić,to leave
historia,history
mimo,despite
zobacz,look
głupi,stupid
nowym,new
faceta,man
dawno,long time ago
pokazać,show
widzenia,vision
rodzinę,family
obok,next to
jednej,one
powie,will
sami,themselves
przykład,example
tygodniu,weekly
chciałeś,you wanted
dłużej,longer
ruszaj,go
oboje,both
dół,hole
najlepszy,best
wróci,return
odkąd,since
musiała,well
zabawne,funny
górę,hill
frank,franc
łatwo,easy
uważam,I think
będziecie,you will
wieku,age
mówiła,she said
joe,Joe
synu,son
chłopcy,boys
złego,bad
niczym,like
męża,husband
sporo,a lot
popatrz,look
inni,others
szefie,boss
środka,measure
znaleźliśmy,we found
samym,alone
pewnego,certain
pracuję,works
panno,pan
zajmę,occupied
zamierzam,I intend to
istnieje,exists
uważasz,you think
okazji,occasion
moment,moment
takiej,such
spróbuj,try
znajdziemy,we find
osobą,person
nikomu,nobody
kupić,to buy
sześć,six
gość,guest
niby,kind of
spróbować,try
póki,long
cicho,quiet
zła,bad
jakiegoś,some
uh,uh
wezmę,I'll take
walczyć,fight
wiadomości,messages
prawdziwe,real
niedługo,soon
ciągu,string
żonę,wife
tom,volume
fbi,FBI
boję,afraid
strasznie,terribly
wasze,yours
historii,story
dziewczyną,girl
powinna,She should
nowa,new
wrócił,return
mężczyzna,man
gotowi,ready
głos,voice
około,about
boli,hurt
zwykle,usually
następnym,next
powodzenia,good luck
słyszałeś,did you hear
widać,can be seen
bracie,brother
kocha,love
pewnością,certainly
leci,flies
znajdę,I will find
zająć,Hare
zadzwonię,I will call
szczerze,honestly
dzieckiem,baby
najlepsze,best
korekta,adjustment
przyjdzie,will come
próbuję,try
panem,master
szpitala,hospital
tędy,this way
daje,gives
słyszałam,I heard
myśl,thought
statek,ship
miałaś,You had
najlepiej,best
ludźmi,people
wracam,come back
pytania,questions
wracać,return
powód,reason
zrobiłaś,you made
kobietą,woman
prawdziwy,TRUE
mogłam,I could
seks,sex
kolejny,next
pasuje,it suits
jedzenie,food
nienawidzę,I hate
przysięgam,swear
umrzeć,die
proste,simple
ulicy,street
przyjacielem,friend
czyż,do
znalazł,found
nigdzie,nowhere
zostały,left
włosy,hair
ojcze,father
same,themselves
twarzy,face
tysięcy,thousands
zamiar,intention
ludziom,people
przestać,stop
zadzwoń,call
przyjaciele,Friends
mieszka,lives
pewny,sure
zabierz,take
kolację,dinners
wieści,news
stan,state
ziemię,Earth
powstrzymać,stop
żartujesz,you are kidding
nogi,legs
kochasz,you love
grać,play
sądzie,court
uwielbiam,I adore
każdej,every
osoba,person
robił,did
potrafię,I can
przyjaciółmi,friends
dobrego,good
zrozumieć,understand
mogłeś,you could
wyboru,choice
spokoju,tranquility
piękne,beautiful
y,yard
fajnie,cool
trudne,hard
cel,objective
james,james
biura,offices
henry,henry
słyszę,hear
świetny,great
tygodni,weeks
przyjść,come
wolno,slow
żony,wives
mocno,tightly
znaczenia,meanness
uciec,escape
tyłu,so many
żoną,wife
widziałaś,you saw
and,and
informacje,information
zapytać,ask
hey,hey
poszedł,gone
osoby,persons
młody,young
musieli,they had to
obawiam,afraid
tacy,tray
otwórz,open
bogu,god
gościa,guest
matką,mother
odpowiedź,answer
niektórzy,some
związek,relationship
centrum,center
pierwszym,first
pytań,questions
szukam,I'm looking for
jakbym,as if
chwileczkę,waiter
tygodnie,weeks
zabiję,kill
samej,alone
wreszcie,at last
m,m
policję,police
moglibyśmy,we could
chodziło,it was
poszło,gone
szczęśliwy,lucky
więzienia,prisons
mnóstwo,lots of
chodźcie,come
wiedziała,she knew
pozwolę,let
hotelu,hotel
żebyśmy,for us
stój,stall
części,part
nieprawda,not true
reszta,rest
gry,games
uspokój,calm
kapitan,captain
lepsze,better
jedyną,only
stoi,standing
niesamowite,awesome
sensu,mean
ból,ache
ślub,wedding
duży,big
wojny,war
dajcie,give
resztę,remnant
związku,compound
przyjaciela,friend
dostał,He get
uważa,thinks
list,letter
wielka,huge
nową,new
następny,next
rodziców,parents
jakiego,wherever
pewne,certain
dobrą,Okay
ktokolwiek,anyone
martwić,worry
sekund,second
david,david
łóżka,bed
zobaczysz,you will see
górze,Mountain
przyszłość,future
szukać,look for
ciekawe,interesting
wasz,yours
szansa,chance
facetem,guy
dostałem,I got
ach,Ah
cie,you
prezent,gift
dr.,dr.
mocy,power
peter,peter
mary,mary
jorku,york
częścią,part
zaczął,began
dostaniesz,you will get
kobietę,woman
mowy,speech
tony,tons
sytuacji,situation
jedynym,sole
chronić,protect
ben,Ben
jimmy,jimmy
światło,light
zajmie,occurs
twoi,your
los,Moose
potrafi,can
pomogę,help
zobaczę,I'll see
szpitalu,hospital
własne,own
skończy,finish
wysoki,high
ofiary,victim
morderstwo,murder
pójdzie,will
pomiędzy,between
małą,little
szef,boss
uwaga,attention
pójdziesz,you will go
dna,gout
obiad,lunch
jane,jane
dowód,proof
mogło,could
zdanie,opinion
próbował,tried
kobiet,women's
skończyć,end
coraz,getting
całej,across
chcieli,They wanted
miesiąc,month
nieco,little
system,system
ruszać,move
zamierzasz,you intend
widzi,see
wybór,choice
martwy,dead
lepszy,better
jakbyś,somewhat
zjeść,eat
znalazłam,I found
wokół,on
dzieciak,child
patrzeć,look
max,max
wspaniałe,wonderful
usiądź,sit down
wierzysz,you believe
historię,story
zabije,kill
słuchać,to listen
jedyne,only
danny,Danny
siły,forces
próbowałem,I tried
spoko,cool
jedyny,only
próbuje,try
gotowe,finished
usłyszeć,hear
robotę,job
staram,try
alex,Alex
odpowiedzi,answers
jedź,go
zatrzymaj,stop
stara,old
pamiętaj,remember
komuś,on
jeść,eat
wow,wow
niezły,good
byłby,would
drugą,second
pójdziemy,we go
miły,nice
milionów,millions
miesiące,months
tyłek,butt
stylu,style
zbrodni,crime
owszem,yes
uratować,save
wypadku,accident
robicie,do
prosić,ask
duże,large
drugie,second
interes,business
telefonu,telephone
ciąży,pregnancy
córkę,daughter
ostatniej,last
wiedziałeś,you knew
najwyraźniej,obviously
przejść,pass
ogień,fire
sen,dream
jadę,go
pomyśl,idea
celu,target
więzieniu,prison
powiedzieli,they said
ależ,alleys
chłopaka,boy
yeah,yeah
spraw,make it happen
oko,eye
moc,power
pies,dog
jakimś,some
pracujesz,you work
wejdź,go
brakuje,missing
paul,paul
przyjęcie,adoption
rodziną,family
sprawdź,check
otworzyć,open
znajdziesz,You will find
przyszedłem,I came
dzieciaki,kids
zdobyć,to win
wcześnie,early
mówiłaś,you talked
mogłabym,I could
ostatnia,final
wielkiego,big
harry,Harry
użyć,use
firmy,companies
gorzej,worse
potrzeba,need
wstawaj,get up
informacji,information
stamtąd,from there
adres,address
dosyć,enough
drinka,drink
samą,alone
jedyna,only
światła,light
głupie,stupid
wspaniały,Excellent
biurze,office
matkę,mother
osobiście,personally
patrzcie,Look
rodzaju,type
psa,dog
zrobili,did
pobliżu,nearby
spotkamy,we'll meet
samochodzie,car
zasady,rules
dole,bottom
kolego,my friend
myślą,think
wyjaśnić,to explain
piękny,beautiful
zespół,team
problemu,problem
boisz,boo
śmieszne,funny
pierwszą,first
atak,attack
gratulacje,congratulations
buty,shoes
program,program
poproszę,Please
dziesięć,ten
ładnie,nicely
pracował,work
wychodzi,coming out
szczęśliwa,happy
pokażę,I will show
puść,let go
siedzieć,sit
mózgu,brain
laboratorium,lab
codziennie,daily
klucz,key
prowadzi,leading
załatwić,settle
tommy,tommy
miłe,nice
it,IT
mieszkanie,apartment
wolę,I prefer
bycie,being
byśmy,we would
wiadomo,know
bezpieczeństwa,safety
zgadzam,agree
pierwszej,first
zostanę,I will stay
pomyślałam,I thought
zdecydowanie,definitely
słuchajcie,listen
zabiłeś,you killed
zabrał,took
siostry,sister
woda,water
nauczyć,learn
siadaj,sit down
powiedzenia,Proverbs
uczucie,feeling
znajdzie,find
chłopiec,boy
złapać,to catch
najlepszym,best
zostawił,he left
koło,wheel
piwo,beer
każda,each
przyszłości,future
siedem,seven
wyszedł,left
zamknąć,close
pozbyć,get rid of
abyś,do
tuż,next door
potrafisz,you can
zniszczyć,destroy
umarł,died
budynku,building
zajęty,occupied
statku,ship
ślady,traces
wolny,free
początek,beginning
rodzinie,family
łóżku,bed
dowody,evidence
potrzebował,needed
dziękujemy,thank you
podobno,supposedly
naprawić,to fix
me,ME
minuty,minute
nick,nickname
córki,daughters
znajdź,find
powoli,slowly
przyznać,admit
wyjdzie,come out
wielkim,big
życiem,life
książki,books
świetna,great
jedzenia,food
całego,whole
jaja,egg
kawę,coffee
damy,ladies
zostaniesz,You'll stay
lekarza,doctor
dala,far
wojna,war
wielką,huge
pora,time
urodziny,birthday
odebrać,to pick up
kolejne,next
martwi,dead
badania,tests
król,King
mogłabyś,you could
stał,steel
wobec,to
zeszłym,last
straszne,horrible
jakiej,what
prawdziwa,TRUE
ostrożnie,carefully
amy,amber
wierzyć,believe
dane,data
świetne,great
wysokość,height
znamy,we know
innymi,other
pięknie,beautifully
bob,broad bean
plany,plans
własną,own
musiałam,I had to
ruch,motion
doskonale,excellent
druga,second
niezła,bad
zginął,died
zapomnieć,forget
chłopcze,boy
steve,steve
przede,primarily
znak,sign
samolot,plane
weekend,weekend
znalazłeś,you found
kuchni,cuisine
zróbmy,let
zwłaszcza,especially
gości,guests
billy,billy
kawałek,piece
przyszła,she came
chory,ill
przyjacielu,friend
dziwnie,strangely
twierdzi,claims
słychać,hear
przygotować,to prepare
chciałaś,you wanted
zaczynamy,we start
detektyw,detective
wśród,among
jim,jim
kończy,end
jake,Jake
dwoje,two
witamy,Welcome
ray,ray
zadanie,task
względu,subsequently
synem,son
wodę,water
poczekać,wait
znaleźli,they found
imieniu,named
lunch,lunch
odzyskać,to regain
em,EM
oprócz,apart from
don,don
of,of
podaj,give
założę,assumption
chodzić,go
momencie,moment
święta,holidays
zapomniałem,I forgot
kawy,coffee
nazywasz,you call
szuka,search
rozmawialiśmy,we talked
dałem,I gave
moimi,mine
latach,years
raport,report
fakt,fact
młoda,young
mamą,mom
panna,Virgin
ostatnim,last
poszła,She went
lee,Lee
oddać,give back
listy,letters
różne,various
wyglądam,I look
przysługę,a favor
kości,bones
rana,wound
szczęścia,luck
zobaczmy,Let's see
zdaje,pass
lekarz,doctor
czuć,feel
kraj,country
morderstwa,murder
chciałbyś,you would like to
zgodnie,according
każdą,each
wrażenie,impression
zostałem,I stayed
sprawia,makes
zrozumiałem,I understood
przeciw,against
wyjścia,exit
trzyma,hold
pierwszego,first
krok,step
wyniki,results
żyjesz,you live
bierz,torn
wygrać,win
grę,game
rząd,government
chciałby,would like
rozmowy,conversation
rozkaz,order
podróż,journey
dawna,former
agent,agent
rozmowę,conversation
śniadanie,breakfast
doceniam,I appreciate
aaccff,aaccff
jedzie,go
zabiłem,I killed
przychodzi,comes
sytuacja,situation
usiąść,sit down
zmieni,change
grupa,group
wziął,incur
decyzję,decisions
iż,that
powinni,they should
wrócisz,you will come back
will,will
udział,participation
ognia,fire
szukamy,We are looking
miłego,nice
chryste,Christ
uciekaj,run away
mężczyzn,men
niektóre,some
możliwości,possibilities
kate,kate
chętnie,gladly
wraca,return
brać,to take
głupia,stupid
błagam,beggar
zapłacić,pay
bill,bill
e,e
biuro,office
odejdź,Go away
kolej,rail
mówimy,we talk
stare,old
dostanie,get
la,la
dumny,proud
liczy,count
kasę,cash
miałbym,I would have
żyją,live
in,in
nowych,new
prawdy,truth
cudownie,wonderfully
nasi,our
szukasz,you are looking
prezydent,President
wydarzyło,happened
idźcie,go
pomaga,help
siedzi,sit
juz,done
johnny,johnny
dzwonił,he called
problemów,problem
kontakt,contact
napisy,Subtitles
zrobiliśmy,we did
karty,card
decyzja,decision
spójrzcie,look
sygnał,signal
listę,list
inną,other
zmienia,change
rozumie,understands
komu,whom
rozmawiałem,I was talking
niezłe,not bad
osiem,eight
książkę,book
słońce,Sun
gotów,ready
sens,meaning
słów,words
mężczyzną,man
dostanę,I will get
ochrony,protection
pory,pores
spojrzeć,look
ochotę,fancy
najlepsza,best
potrzebny,necessary
zabawy,funny
króla,king
rzeczywiście,actually
żart,joke
przypadku,case
rodzaj,type
niewiele,few
stracić,lose
działać,work
tamtej,that
dziękuje,thank you
niebezpieczne,dangerous
szefem,chief
okno,window
wyglądają,look
bobby,bobby
uwagi,comments
uczucia,feelings
fscy100,FScy100
zostaje,bey
obraz,image
zazwyczaj,usually
lekarzem,doctor
najlepszego,best
czekam,I'm waiting
gadać,talk
podać,to give
leży,lies
rachel,rachel
otwarte,Open
zaczynam,I start
widzimy,we see
zastanawiam,I'm thinking
wyjdź,come out
zacznie,willing
poradzę,I can handle
inna,other
wybaczyć,forgive
kochać,love
przekonać,to convince
fscx100,FSCX100
swego,in
dowie,find out
wynoś,greater
głowa,head
dziećmi,children
obaj,both
umrze,die
warto,worth
kazał,order
oddaj,give away
taty,daddy
wybrać,to choose
zdrowie,health
wiec,so
opuścić,leave
okolicy,area
pomożesz,you will help
zimno,cold
chwilkę,tender
przypadek,case
test,test
wyprawiasz,do
liście,leaves
ostatnią,final
ilu,how many
obie,both
widzicie,you see
waszej,yours
obu,both
nazwiska,names
niespodzianka,surprise
doczekać,wait
wysłać,send
dobrej,good
bratem,brother
sarah,Sarah
zaufaj,trust
bliżej,closer
dziewczynka,girl
własnej,own
zmiany,changes
l,l
straciłem,I lost
oglądać,to watch
przestańcie,stir
zabawa,game
drugim,second
dolców,male
przyszedłeś,you came
oczach,eyes
przynieś,bring
ryan,ryan
wyglądać,look
poziom,level
mieszkania,flats
dała,she gave
przodu,front
przyjemność,pleasure
ostatnich,recent
śmiercią,death
widziała,she saw
uciekł,fled
akurat,just
miła,nice
rzeczą,thing
pytasz,you ask
wyjście,Exit
zmarł,He died
śmiało,boldly
przeszłości,past
tysiące,thousands
operacji,surgery
małżeństwo,marriage
wątpię,doubt
myślicie,you think
wewnątrz,inside
chris,chris
długi,long
ojcu,father
biorę,take
spodoba,applause
innej,another
lecieć,fly
owi,those
zapewne,probably
ej,ej
szanse,chances
godzina,time
wydostać,get out
martwię,dead
mózg,brain
kasy,cash register
dniu,day
uciekać,run away
auto,car
szalony,insane
zaczęło,began
de,de
zaufać,trust
poruczniku,lieutenant
linii,line
dowodów,evidence
wróciła,returned
ofiara,victim
banku,bank
telewizji,television
absolutnie,absolutely
indziej,elsewhere
ładna,pretty
zniknął,disappeared
każde,every
głodny,hungry
prawdziwym,trivial
odłóż,put down
eddie,eddie
umiem,I can
kierunku,direction
randkę,date
klasy,class
imprezę,party
wojnę,war
ha,ha
sali,room
podziękować,thank
szaleństwo,madness
myślałeś,you thought
nikim,nobody
lewo,left
mężem,husband
małego,small
szczególnie,especially
boską,gorgeous
potrzebują,they need
wyszła,she came out
uwierz,believe
spotkania,meetings
utrzymać,maintain
własnego,own
hmm,hmm
różnych,various
mamę,mum
widzieliśmy,we saw
abym,for
chłopca,boy
muzyka,music
okropne,terrible
sprawdzę,I will check
zgoda,agreement
skończyłem,I finished
pomyśleć,think
nowej,new
wiedzieli,they knew
richard,Richard
emily,Emily
wprost,directly
myślał,he thought
um,um
wrócimy,we will come back
pić,drink
ruchy,movement
widok,view
miałby,would
faceci,guys
interesuje,interest
punkt,point
prowadzić,to lead
zmieniło,changed
lubią,they like
jerry,jerry
umysł,mind
udowodnić,prove
zabiorę,I'll take
mówili,they said
drugiego,second
szans,chance
powiedzmy,let's say
potrzebne,necessary
zobaczyłem,I saw
umowę,contract
b,b
wraz,together
liceum,high school
różnica,difference
minęło,pass
następnego,next
bronią,weapon
lepszego,better
rzuć,thrust
żadna,none
musze,I have to
mogłaś,you could
firma,business
słyszeć,to hear
państwo,country
f,f
potrzeby,needs
mecz,game
danych,data
dostęp,access
naprzód,forward
nóż,knife
córką,daughter
bawić,entertain
sprawą,thing
mark,Mark
bierze,takes
rękach,hands
miliony,millions
zachować,keep
ubrania,Clothes
jasna,bright
pozwoli,will
znaczyć,mean
żadne,none
wychodzę,come out
zasadzie,principle
akta,files
metrów,meters
woli,will
kyle,kyle
pełne,full
gliny,clay
przypomina,remind
równie,as
żegnaj,farewell
czułem,felt
celem,target
musiało,had to
dziwnego,strange
czarny,black
mojemu,my
jazda,ride
san,san
oczu,eyes
grupy,group
usta,mouth
dobrych,good
słońca,sunset
ataku,attack
swoimi,with his
sklepu,store
spróbuję,I will try
dupę,ass
grace,grace
daleka,far
claire,Claire
sumie,summary
milion,million
znalazła,she found
dzwoni,is calling
domem,home
napisy24.pl,inscript24.pl
pański,your
stracił,he lost
własny,own
zajmuje,occupy
mamie,mum
wspaniała,gorgeous
szkodzi,harm
złym,bad
żył,vein
andy,Andy
zabójca,killer
odnaleźć,find
słyszałaś,you heard
staje,standing
auta,cars
odszedł,gave off
sprzedać,sell
pytam,I'm asking
szefa,chief
pomocą,help
byłaby,would be
ładne,nice
warte,worth
ufać,trust
gdybyśmy,though
porozmawiamy,we talk
wujek,uncle
kod,code
proces,process
osobę,person
zaczęła,She began
nadchodzi,comes
biały,White
sierżancie,Sergeant
stop,Stop
zostali,they were
upewnić,make
idą,go
pięciu,five
zaczniemy,we will start
podróży,travels
wyszło,it came out
ufam,I trust
spytać,ask
siostrę,sister
dostałam,I got
facetów,guys
znacznie,significantly
powietrze,air
trwa,lasts
czasy,times
zobaczy,see
ledwo,barely
akcji,action
pojechać,go
nieba,skies
założyć,assume
winy,fault
zmienił,changed
waszym,by
ziemia,Earth
zamknięte,closed
daję,gives
ah,ah
brian,brian
restauracji,restaurant
pochodzi,comes
próbujesz,you are trying
kłopotów,troubles
umiera,dies
czterech,four
wracamy,we return
małym,small
miały,had
pete,pete
musiałeś,you had to
parku,park
możliwość,possibility
drogą,way
energii,energy
poznałem,I met
próbowałam,I tried
spędzić,spend
mężczyźni,men
wiary,faith
ku,to
mogłaby,she could
usa,USA
budynek,building
przyjdę,come
wróciłem,I came back
żyję,lives
łódź,Łódź
łatwe,easy
winny,guilty
przyszłam,I came
mil,mile
dokumenty,documents
strzelać,shoot
wynocha,get out
przeszkadza,disturb
duża,big
czasów,time
kontrolę,control
dałeś,you gave
barze,bar
zamian,exchange
matko,mother
mogliśmy,We could
zadzwonił,he called
studia,studies
stacji,stations
annie,annoying
własnym,self-esteem
znajduje,find
czyżby,do
dave,dave
przejmuj,worry
język,tongue
nazywają,call
wyglądało,it looked
przekazać,to pass
sądu,court
robiłem,I did
waszą,yours
skończył,finished
pułkowniku,colonel
park,Park
najszybciej,fastest
kwiaty,flowers
kontroli,control
babcia,Grandma
walka,fight
doktora,doctor
jedziesz,you are driving
posłuchać,listen
sercu,heart
najważniejsze,most importantly
zostawię,I will leave
cia,cia
mogłoby,mighty
dupy,dump
skrzywdzić,hurt
przeprosić,apologize
sądziłem,I thought
wierzy,believe
klientów,clients
bezpiecznie,safely
dotykaj,touch
bólu,pain
ducha,ghost
wolności,freedom
leo,leo
układ,system
zabij,kill
seksu,sex
pamięta,remembers
pewność,confidence
luke,luke
ocalić,save
zacząłem,I started
pamięć,memory
cenę,price
opowiedz,story
jakiejś,some
móc,power
teren,area
sklep,store
konia,horse
następnie,then
poprzez,by
niedaleko,near
zdarza,happens
uczyć,teach
stanu,condition
śpi,sleeps
obudź,wake up
napisał,he wrote
dostałeś,you got
lucy,lucid
prawdziwą,TRUE
strach,fear
umiesz,you can
interesy,interest
wszystkimi,all
silny,strong
prosze,Please
bank,bank
wyobrazić,imagine
potrzebna,needed
moge,I can
przyjaciółka,friend
zmęczony,tired
bezpieczna,secure
potrzebować,need
klubu,club
niezbyt,not very
komputer,computer
nieprawdaż,unknown
impreza,party
charles,charles
wróć,back
byliście,you were
najlepszą,best
siłę,strength
pociąg,train
szkoła,school
przeszłość,past
normalnie,normally
okazało,shown
oczywiste,obvious
bezpieczny,safe
wyjechać,to leave
zero,zero
następne,next
gościem,guest
czekajcie,wait
pistolet,gun
wiedziałaś,you knew
zapach,smell
używać,use
doszło,occurred
drużyny,team
dan,dan
waszych,your
wyluzuj,deposit
idealnie,perfectly
tatuś,daddy
biorąc,taking
łatwiej,easier
pieprzyć,fuck
gwiazdy,star
znaleziono,found
liczyć,to count
wątpliwości,doubts
ukryć,hide
wymaga,requires
kamery,cameras
carter,carter
trakcie,course
powrót,return
wyglądał,look
alarm,alarm
filmu,film
głęboko,deep
ręki,hand
czyni,makes
zechcesz,you will
udawać,to pretend
planu,plan
siostro,sister
czytać,to read
chicago,Chicago
jutra,tomorrow
problemem,problem
śmieci,garbage
eric,eric
dzwonię,I'm calling
byłbym,I would be
duch,spirit
przyjechał,he came
clark,clark
rozmowa,conversation
narkotyki,drug
matt,matt
cholernie,damned
kevin,kevin
new,new
zostaną,willing
ryzyko,risk
strzał,shot
sto,hundred
wyjdziesz,leave
cos,something
wykorzystać,to use
dziadek,Grandpa
długa,long
wóz,car
szlag,damn
kompletnie,totally
pomógł,help
wolność,freedom
daniel,Daniel
scott,scott
nawzajem,mutually
czekają,they are waiting
kelly,kelly
pamięci,memory
powinniście,you should
jesli,if
nr,number
prezydenta,president
tęsknię,I miss
najlepszych,best
przyniosę,yield
śledztwo,investigation
wyciągnąć,pull out
mieszkam,I live
wspomnienia,memories
którymi,which
tygodnia,weekly
boi,booi
pojawił,appeared
rozkazy,orders
łodzi,boat
zmiana,change
psy,dogs
zajęcia,activities
samobójstwo,suicide
potrwa,willing
bycia,bey
bierzesz,take
starego,old
tamtego,that
wolne,free
towar,commodity
sytuację,situation
adam,Adam
głową,head
zadowolony,glad
pewnym,certain
normalne,normal
pieprzony,pepper
fajne,nice
jakich,which
ładny,nice
gdziekolwiek,wherever
zabiła,she killed
północy,midnight
przynieść,bring
that,That
żebyście,that
martin,martin
podobnie,Similarly
spadaj,get lost
piątek,Friday
ciężkie,heavy
większe,bigger
okoliczności,circumstances
mego,my
waszego,by
słodki,sweet
sztuki,art
wsparcie,support
gorąco,hot
napisów,subtitles
okazję,occasion
zaczekać,wait
odpowiada,corresponding
dajesz,you give
leki,anxieties
cisza,silence
przyjaciółką,friendly
będąc,being
niebo,sky
chcieliśmy,we wanted
chora,sick
pełni,fully
kochana,Dear
rose,rose
pokładzie,deck
siostrą,sister
wino,wine
larry,larry
napisać,write
kotku,Kitty
dziewczyn,girl
punkcie,point
ofiar,victory
czasach,times
dziwny,weird
badań,test
napisane,written
poradzić,help
minutę,minute
trzymasz,hold
połowę,half
konieczne,necessarily
chłopakiem,boy
stóp,Stop
tatą,dad
zadać,demand
podejdź,approach
mieszkaniu,apartment
susan,susan
wchodzi,enters
detektywie,detective
sklepie,shop
patrzysz,you look
państwa,countries
duszę,soul
poszedłem,I went
zabrali,they took
projekt,design
jenny,jenny
najmniej,least
poważne,serious
czynienia,do
trzeci,third
angeles,angeles
sekret,secret
kolejną,next
jestes,Are you
klucze,keys
ranny,injured
kolejna,next
zęby,teeth
kwestia,issue
mając,having
zobaczył,he saw
pańskie,Lord
umowa,arrangement
moze,maybe
wyjdę,leave
mieszkać,to live
pozwala,allows
odciski,imprints
czysto,purely
bezpieczne,secure
stała,constant
zmarła,died
twoimi,Yours
abby,abby
obecnie,currently
pierdol,pierdol
powinny,they should
powodów,reasons
wujku,uncle
zrobienia,dance
zapomniałam,I forgot
patrzę,I'm looking
zamiaru,intention
południe,South
stole,table
lisa,fox
ukradł,stole
wróciłeś,you came back
wybaczcie,forgive
joey,jooy
czułam,I felt
jazdy,driving
samych,alone
armii,army
km,KM
zeszłej,last
działo,gun
alice,alice
umarła,dead
wieczoru,evening
wydawało,it seemed
kieszeni,pocket
piłkę,ball
misji,mission
pokonać,defeat
działania,actions
czekamy,we wait
znał,knew
dowiemy,we will learn
skończyliśmy,we finished
setki,hundreds
świąt,world
ciśnienie,pressure
dziewczynki,girl
wysłał,he sent
spodnie,pants
gadasz,talk
kartę,card
nosić,to wear
nos,nose
pole,field
przypuszczam,I suppose
faktycznie,really
piosenkę,song
zacznij,start
karen,karen
dupek,asshole
zdjęć,images
zabili,killed
maggie,maggie
nadszedł,come
czysty,clean
dzieciaka,kid
kłamstwo,lie
show,show
mistrzu,master
żałuję,I regret
zrobią,they will do
poczucie,sense
jason,jason
akt,Act
street,Street
oby,may
kościoła,church
nakaz,warrant
obejrzeć,see
ted,ted
nagranie,recording
pozwolisz,let
narkotyków,drug
łączy,combines
jasno,brightly
słodkie,sweet
zrobione,done
zwierzęta,Animals
pijany,drunk
łeb,head
żartuję,kidding
gejem,gay
kolor,color
królem,king
zajęta,busy
zachowanie,behavior
muzykę,music
kontrolować,control
pańska,Lord
mężczyznę,man
nogę,leg
kupiłem,I bought
chłopcem,boy
cholerny,damn
ruchu,traffic
klient,client
mieszkasz,you live
dzwoń,bell
sąd,court
przyszłym,future
sprzęt,equipment
van,van
zabija,kills
nagrodę,award
pisze,writes
straciliśmy,we have lost
przyjąć,accept
zostałeś,you have been left
patrzy,look
robert,Robert
ryby,fish
odpowiedzialny,responsible
robiłeś,did you
dotrzeć,arrive
rzeczywistości,reality
sieci,network
pospiesz,hurry
boku,side
dużą,big
udać,go
bój,funk
generale,general
plaży,beach
lot,flight
przyszłaś,you came
trzymam,hold
pojadę,I will go
bilety,tickets
vegas,vegas
zagrać,play
prawdziwego,TRUE
radio,radio
doprawdy,really
biznes,business
szacunku,respect
paru,steam
chwilą,one SEC
podobało,like
pisać,write
operację,operations
rzucić,throw
klasie,class
umrę,die
przyda,useful
nosi,wears
powietrza,air
klubie,club
pamiętać,remember
pogadamy,we'll talk
troszkę,a bit
drzwiami,door
tatusiu,daddy
pragnę,I would like to
dźwięk,sound
przedstawić,present
chłopców,boys
sądzi,think
zacznę,start
zabierzcie,take
matce,mother
n,n
mylisz,mischief
szczery,honest
pracowałem,work
oddech,breath
połóż,put
prawdą,TRUE
plecy,back
niedawno,recently
wyjątkiem,exception
używa,use
znajdą,they will find
walter,walter
hotel,hotel
molly,molly
imienia,names
brawo,way to go
pełen,full
ślubu,wedding
odpowiedzieć,reply
porucznik,lieutenant
połączenie,connection
darmo,free
bracia,brethren
rąk,cancer
strachu,fear
sean,Sean
bzdury,nonsense
wiatr,wind
muzyki,music
przyjdź,come
odeszła,left
małej,small
wojnie,war
ameryki,America
północ,North
znacie,you know
alan,alan
bohaterem,hero
biegnij,run
romans,Romance
przerwę,break
rozmawiamy,we talk
piwnicy,basement
sprawiedliwości,justice
przyjemnością,pleasure
czerwony,Red
uśmiech,smile
bedzie,will be
bomba,bomb
sił,force
wsiadaj,go
anglii,England
witajcie,Hello
zmęczona,tired
robiła,she was doing
napić,drink
ręka,hand
zauważyłem,I noticed
kupił,bought
słyszał,heard
zakończyć,end
bar,bar
życzę,wish
pełna,full
książę,prince
ważny,important
wchodzę,come in
niebie,sky
systemu,system
zamierza,intend
zbliża,zoom
okres,period
biedny,poor
kapitana,captain
zabijać,kill
przypadkiem,by chance
nadziei,hope
wybierasz,do
ciężki,heavy
zapytaj,ask
wszedł,entered
zaszczyt,honor
ostatniego,latter
lesie,Forest
okropnie,terribly
wakacje,holiday
aresztowany,arrested
głosy,voices
widzieliście,you have seen
lewej,left
skomplikowane,complicated
gary,gary
tajemnicy,secrecy
szkołę,School
zespołu,team
uważać,watch
chciałabyś,you would like
programu,program
duszy,soul
połowa,half
książka,book
stopy,foot
odpocząć,to rest
ramię,arm
przygotuj,prepare
julie,julie
przeżyć,survive
kolacji,dinner
skończyła,she ended
niedobrze,not good
kontynuować,to continue
skończyło,ended
znieść,bear
interesujące,interesting
taylor,taylor
wpaść,come down
szpital,hospital
zasługuje,deserves
własnych,own
miecz,sword
pracujemy,we work
rolę,role
zabiją,kills
dotyczy,refers to
poprosić,ask
ofiarą,victim
pozycji,position
zginąć,die
prysznic,shower
łóżko,bed
sprawić,make
rozmawiałam,I was talking
zakupy,shopping
grze,game
zejdź,descend
gówna,shy
dumna,proud
żołnierzy,soldiers
sędzia,judge
city,city
obrony,defense
próba,trial
wpadł,fell
wroga,enemy
dostała,she got
wierz,believe
zostawiła,left
rozwiązanie,solution
miejsc,places
kochał,loved
pełno,full
carl,carl
tylu,so many
zadziała,work
jezus,Jesus
wolałbym,I would rather
wielkiej,big
idiota,idiot
raka,cancer
zasad,principle
południu,south
klub,club
kłamiesz,you are lying
kurde,damn
chwile,moments
piekła,hell
chuck,chuck
sensie,sense
zajmij,occupy
kawał,piece
lily,lily
śladów,traces
powtarzam,repeat
thomas,Thomas
najgorsze,the worst
zdarzyło,happened
środek,middle
zdaniem,think
klienta,client
zostawcie,leave
funtów,pounds
wstyd,shame
lady,lady
wziąłem,I took
stworzyć,create
kłamie,lie
planety,planet
morderca,murderer
przeze,bye
aha,I see
odnośnie,with regard
para,couple
ciele,calf
połowie,half
filmie,film
bazy,base
czyste,clear
jeff,jeff
wymiar,dimension
świadków,witnesses
dowiem,find out
władzy,authority
amen,Amen
chloe,chloe
wysoko,high
rachunek,bill
sypialni,bedroom
dosłownie,literally
piekło,hell
mężczyzny,man
cudowne,wonderful
czekał,waiting
gratuluję,congratulations
pozwólcie,congress
załatwię,consuming
helen,helve
włosów,hair
potrafią,they can
josh,josh
dotąd,so far
przystojny,handsome
simon,simon
głównie,mainly
dupku,dump
hank,hank
niewinny,innocent
swojemu,to his
piersi,breast
oddział,branch
złą,bad
słuchasz,you are listening to
komórki,cellular
starszy,older
okiem,eye
firmę,company
smith,smith
kurs,course
lois,loose
pomyłka,mistake
znalazłaś,you found
ust,mouth
prawej,right
bilet,ticket
stanów,of states
pomimo,despite
starym,old
drużyna,team
sukces,success
bronić,defend
łazienki,bathrooms
ważna,important
szansy,chance
decyzji,decisions
świadka,witness
dali,dilapidated
litość,mercy
musieliśmy,we had
przeznaczenie,destiny
jackie,Jackie
dowiedział,he learned
pyta,asks
tv,tv
strona,side
nareszcie,at last
niemal,almost
szukają,look
postawić,put
pracą,Work
anna,Anna
operacja,operation
starych,old
dostaje,get
rada,advice
cofnąć,undo
herbaty,tea
mowa,speech
poprzednio,previously
ono,it
piosenka,song
kamień,stone
trzymał,held
złota,gold
zostawiłem,I left
francji,france
dzwonić,call
miej,hide
spotkaliśmy,we met
wolna,Free
specjalnie,especially
pacjentów,patients
samochodem,by car
samolotu,aircraft
zakładam,assume
szalone,crazy
przyjdziesz,will you come
szukałem,I was looking
jednostki,units
zwrócić,return
dwaj,two
siedział,sat
szczegóły,details
kolana,knees
marzenia,dreams
miesiącu,monthly
praktycznie,practically
królowa,Queen
odwiedzić,visit
sa,there are
ed,eD
grasz,play
ważnego,valid
punktu,point
umie,still
al,al
uderzył,hit
przerwy,interruption
zapomniałeś,you forgot
żonie,wife
porze,sort
goście,guests
krwią,blood
strzelaj,shoot
poprostu,just
skończę,finish
baru,bar
większy,greater
położyć,put
zdrowia,health
rzeczach,stems
sprawach,cases
nienawidzi,hate
znałem,I knew
zabawny,funny
żonaty,married
przesłuchanie,hearing
przyszło,it came
widzieli,they saw
ruszamy,web
wykonać,perform
prędzej,sooner
zaczynasz,you start
usłyszałem,I heard
spod,bottom
byc,to be
dookoła,around
odpowiedz,reply
skupić,focus
dyrektor,director
królową,Queen
las,forest
tysiąc,thousand
wodą,water
drzewa,trees
okna,windows
odrobinę,little
piwa,beer
bezpieczeństwo,security
wdzięczny,grateful
zabieraj,take
oficjalnie,officially
mądry,clever
phil,phil
brakowało,missed
dziewięć,nine
przenieść,move
typu,type
bogiem,god
rozmawiał,talked
filmy,movies
jackson,Jackson
terry,terry
immunitet,immunity
cud,miracle
wywiad,interview
odsuń,remove
zajmiemy,we will take
palców,fingers
martwa,dead
znają,know
forsę,money
święty,holy
meksyku,Mexico
poznałam,I met
ludzkie,human
umieram,I'm dying
mogły,they could
czekałem,I waited
gliną,clay
wszelkie,all
wiecznie,eternally
doświadczenie,experience
walkę,struggle
cudem,miracle
zabójstwo,murder
tatę,daddy
twego,one
miejmy,let
poprosił,asked
istnieją,they exist
dupie,ass
prosił,asked
oddam,I will give
świadkiem,witness
opowiedzieć,tell
tańczyć,dance
profesorze,professor
miejscach,places
zastanawiałem,wondering
swe,all
polega,depends
naszymi,our
zabijesz,you will kill
opieki,care
dachu,roof
pozostać,remain
zegarek,watch
twarzą,face
bać,bey
zapłacę,I will pay
gorsze,worse
pojedziemy,we will go
złoto,gold
posiada,hold
porozmawiam,I will talk
ni,ni
ręką,hand
artykuł,article
wziąłeś,you took
dostaniemy,let's get
podstawie,basis
pozwolił,he let
pozwolenie,permission
em.,em.
władzę,authorities
rozwiązać,solve
miami,Miami
johna,john
kolejnego,subsequent
profesor,professor
rzeki,river
zdjąć,take off
celi,cell
autobus,bus
odbiór,reception
suka,female dog
reszty,rest
pracowników,employees
spotkaniu,meeting
złożyć,fold
ilość,quantity
taniec,dance
zainteresowany,interested
wyłącz,turn off
lepsza,better
wychodzić,go out
emu,emu
winien,should
oddychać,breathe
kręci,spin
r,r
okazja,opportunity
wpływ,influence
mile,nice
grał,play
obrazy,pictures
ochronę,protection
słyszy,hear
ameryce,america
siła,strength
ciemności,darkness
naprawde,really
stanowisko,position
plus,plus
szacunkiem,respect
ostrożny,careful
podobne,like
umiejętności,skills
pojawi,appear
dzieła,work
pośpiesz,hurry
kumpel,buddy
próbuj,try
alphahff,Alphahff
dziewczynie,girl
misja,mission
głośno,loud
dar,gift
jemu,him
nazywał,named
dean,Dean
przypomnieć,remind
uszy,ears
robin,robin
wyraźnie,clearly
kontrolą,control
elizabeth,elizabeth
sally,sally
wracasz,come back
zostałam,I was
weźmiemy,we will take
ściany,wall
działają,work
doświadczenia,experiences
wejście,entry
zacznijmy,let's start
sprzedaż,sale
sześciu,six
żadnym,nobody
julia,julia
rusz,flutter
palce,fingers
nazywać,call
szukał,he was looking
przeczytać,read
idealny,ideal
przyjechać,come
nadzieje,hope
talent,talent
poważny,serious
strata,loss
styl,style
zniknęła,She disappeared
uwolnić,freed
ochrona,security
piękną,beautiful
betty,Betty
zapraszam,I invite
pokaz,show
służby,service
czerwone,Red
is,IS
takimi,such
poniedziałek,Monday
zwierząt,animal
kochamy,We love
kosztuje,costs
morgan,morgan
barry,barry
wodzie,water
winna,vineyard
otwieraj,open
randka,date
prawnikiem,lawyer
złych,bad
kawałki,piece
czuł,felt
zło,evil
trzymajcie,hold
kłamać,to lie
uspokoić,calm down
słaby,weak
dobrzy,goody
jaj,egg
czysta,clean
urządzenie,device
zabieram,I'm taking
telefony,phones
ciasto,pie
smutne,sad
zdejmij,remove
dwoma,two
przedstawienie,performance
grozi,threatening
podpisać,sign
dają,give
odcinek,episode
maria,maria
synchro,synchro
podejrzany,suspect
skontaktować,contact
mistrz,master
huh,huh
aresztować,arrest
terenie,area
pacjenta,patient
oddychaj,breathe
przeczucie,hunch
wiarę,faith
zgadnij,guess
skończyłam,I finished
zdajesz,you pass
księżyc,moon
pomyślał,he thought
służyć,serve
piosenki,songs
tamtym,that
posłuchajcie,listen
chcieć,want
kradzież,theft
osobiste,personal
generał,general
pogrzeb,funeral
tłumaczy,explains
małych,small
podnieś,raise
pomagać,help
umowy,contract
żyjemy,live
wyłącznie,only
dziadku,grandfather
gadaj,talk
niewiarygodne,unwrapped
samotny,lonely
byle,any
pytać,ask
gdyż,because
osiągnąć,to achieve
charlotte,charlotte
palec,finger
chłopie,peasant
obiecaj,promise
ruszyć,move
szalona,crazy
wesołych,Happy
kawa,coffee
snu,sleep
przestrzeni,space
zwycięstwo,victory
niektórych,some
ucieka,escape
sukinsyn,sukinsyn
zapewnić,ensure
butelkę,bottle
znany,known
pracują,work
kochają,love
patrząc,looking
roger,roger
bałagan,mess
wysokości,height
oczami,eyes
smakuje,tastes
obecność,presence
odpowiedzialność,responsibility
dawać,give
głodna,hungry
katie,katie
plemienia,tribe
zapytam,I will ask
siedzisz,you are sitting
czytałem,I read
zginie,die
powrotu,return
zmianę,change
mr,master
poznaliśmy,We met
zaczynają,starting
bądźcie,be
papiery,papers
dałam,I gave
drzewo,tree
duchy,ghost
nate,on this
suko,bitch
sobotę,Saturday
ofertę,offer
torbę,bag
dostaliśmy,we got
dołączyć,join
płacić,pay
dziennie,daily
pomysły,ideas
wzięła,she took
rodzicami,parents
gwiazdą,star
bomby,bombs
obaw,fear
ranka,rank
umrzesz,you will die
babciu,grandma
powiemy,we will say
źródło,source
sara,Sara
wskazuje,indicates
dziecku,child
potrzebowała,she needed
przeszkadzam,distort
szczęśliwi,happy
zabójstwa,murder
oka,eye
tez,too
napisy24,subtitles24
picia,drinking
przyjedzie,arrival
wygrał,won
majorze,major
wstać,get up
prawnika,lawyer
spodziewałem,expected
prace,work
wiek,age
agencie,agent
uważnie,carefully
myślałaś,you thought
zajęło,it took
wyzwanie,challenge
zaproszenie,invitation
jakichś,some
przyjechałem,I arrived
miesiąca,month
myśleliśmy,we thought
gwiazda,star
ważniejsze,major
dojdzie,come
zostaliśmy,We stayed
niebezpieczeństwie,danger
deszcz,rain
kościół,church
pewni,confident
wiedząc,knowing
załatwione,settled
skorzystać,exercise
nauczył,taught
sztuka,piece
kolacja,dinner
zaczniesz,you will start
rozmawiam,I'm talking
ricky,ricky
miejscem,placement
powiedziałbym,I'd say
zechce,chance
zapewniam,assure
szeryfie,sheriff
tekst,text
następna,next
ślad,trace
okazuje,show
lekarze,doctors
wyspie,island
spacer,walk
andrew,andrew
william,William
dowiedziałem,I found out
weźmiesz,you will take
zabity,killed
wytłumaczyć,explain
miałabym,I would have
jones,jones
zaczęli,began
samochody,vehicles
porozmawiajmy,let's talk
skóry,skin
wsparcia,support
sądziłam,I thought
cierpię,suffer
podejrzanego,suspicious
sposobem,way
wyobraź,imagine
herbatę,tea
wezwać,call
martwisz,you worry
beze,noble
pomówić,die
pozostaje,remains
środki,means
dziwka,slut
materiał,Material
tamten,that
koszmar,nightmare
idealne,perfect
agenta,agent
armia,army
scenariusz,script
pozycję,position
pacjent,patient
wolisz,you prefer
niesamowity,incredible
minął,passed
pełną,full
wybrał,chosen
udaje,pretend
podjąć,take
niebezpieczny,dangerous
ratować,rescue
wrogów,enemies
próbowała,tried
fair,fare
skończysz,you're done
oficer,officer
przedtem,before
mac,mother
zabierze,will take
nazwać,name
wyrok,judgment
byście,by
samemu,alone
mordercą,murderer
siedzę,I'm sitting
poczuć,feel
kochany,Dear
dzwoniła,she called
zachód,West
panienko,mockery
all,all
zrozumiano,understood
zmieniła,she changed
your,your
ludziach,people
uniknąć,avoid
pańskiej,Lord
podłodze,floor
zresztą,besides
przetrwać,survive
sprawdziłem,I checked
jeździć,ride
rzadko,rarely
stopni,degree
babci,grandma
pojęcie,concept
kilometrów,kilometers
dłoń,hand
ustalić,establish
adwokata,advocate
rock,rock
love,love
płakać,cry
lepszym,better
obozu,camp
zaufanie,trust
śladu,trace
chłopaków,boy
ucieczki,escape
mamusiu,mummy
małżeństwa,marriages
głosu,voice
radzę,I advise
wyrzucić,to throw away
londynie,london
partnera,partner
zagrożenie,danger
ciemno,dark
sprowadza,brought
straszny,horrible
czarne,black
obiecałem,I promised
przyniosłem,I brought
warunki,conditions
tytuł,title
dłoni,palm
chuja,prick
obcy,stranger
zachowywać,behave
miłością,love
słyszeliście,heard
weźcie,take
czekasz,wait
prawem,law
pożyczyć,to borrow
ukraść,steal
wyłączyć,turn off
pokład,deck
kłopot,trouble
głupio,stupid
zobaczyłam,I saw
louis,louis
firmie,company
lody,ice-cream
pieprz,pepper
musiałaś,you had to
specjalny,special
nastroju,mood
błędy,mistakes
mleko,milk
przyszli,future
przyjęcia,acceptance
nosa,nose
prowadzę,lead
wydać,spend
poszli,followed
przychodzić,come
szybki,quick
szacunek,respect
rozmawiałeś,you was talking
bombę,bomb
pracowała,she worked
wieki,ages
wycofać,withdraw
lista,list
nadejdzie,come
białe,White
telefonów,phones
rozmawia,talking
marty,marty
nauki,science
pierścionek,ring
mięso,meat
nauczyłem,I taught
straciłam,I lost
walczył,fought
kota,cat
zapomnę,I will forget
londynu,London
pożegnać,bid farewell
jednocześnie,simultaneously
silna,strong
poszukać,look
wydział,department
kot,cat
dokonać,make
pachnie,smell
głodu,hunger
jesse,jesse
zwykły,ordinary
największy,the biggest
konie,horses
pewną,certain
przestał,He stopped
red,red
przejdzie,pass
zrozumiesz,you will understand
gazety,newspapers
sekundy,second
wynik,result
długie,long
zostaniemy,we will be
śpiewać,sing
cole,cole
dwadzieścia,twenty
odpuść,relish
kłamstwa,lie
pokazał,showed
dziewczyno,girl
śpisz,you are sleeping
lotnisko,airport
fajny,cool
czek,check
kochałem,I loved
dusza,soul
twojemu,your
drogie,expensive
kontrakt,contract
braci,brothers
powodem,reason
żywo,vividly
usunąć,to remove
wyślij,send
przeprosiny,apology
jedz,eat
marzenie,dream
wart,worth
choroba,disease
żołnierze,soldiers
tim,tim
partner,partner
wściekły,mad
płacz,cry
kula,ball
zwolnić,release
fred,fred
zróbcie,do
muzeum,Museum
sekundę,second
wychodzimy,come out
przemocy,violence
momentu,torque
towarzystwo,company
sierżant,sergeant
kobiecie,woman
zrozum,understand
typ,type
choroby,diseases
poradzisz,advice
obóz,camp
zaskoczony,surprised
ukrywa,hiding
dało,gave
powiedzcie,tell
emma,emma
puszczaj,release
obowiązek,responsibility
rick,rick
któregoś,one
jednakże,However
cholerne,damn
decyzje,decisions
zadzwoni,call
okulary,glasses
płaci,paid
misję,missions
walce,struggle
zachowujesz,behave
wypuść,relish
pomóżcie,help
swą,with their
śmierdzi,stink
tajemnica,mystery
poszłam,I went
kolega,friend
jamie,jamily
parker,parker
stawiam,I bet
dowodu,proof
wizytę,visiting
przysłał,sent
zaczęliśmy,we started
nathan,nathan
testy,tests
zapomniał,he forgot
wyżej,higher
podnieść,pick up
źródła,sources
lekcje,lesson
gram,gram
rozumiecie,you understand
pojechał,he drove
cierpi,suffering
poczujesz,you will feel
planecie,planet
karierę,career
pytał,He was asking
prawnik,lawyer
grane,grave
życzenie,wish
dojść,come
prosimy,please
pokazuje,show
angielsku,English
członków,membership
mówicie,you say
łazience,bathroom
prosi,asks
powietrzu,air
kończyć,end
pokaże,show
but,shoe
czarna,black
przybył,arrived
granicy,border
wiedzieliśmy,We knew
ulubiony,Favourite
kluczyki,keys
idioto,idiot
wychodzisz,come out
nagrania,recordings
silnik,engine
ślubie,marriage
for,for
chcielibyśmy,we would like
procent,percent
zdolności,ability
kółko,circle
słodka,sweet
poważna,serious
skończ,finish
wartości,value
praw,right
cofnij,back
trafił,hit
wyślę,will send
przechodzi,pass
spotykać,meet
postaram,doom
prezydencie,president
zwłoki,corpse
zmian,change
głównym,Main
widzą,see
jajka,eggs
bawi,ship
słusznie,rightly
spóźnienie,late
przyjąłem,Understood
ryzykować,risk
robiłam,I was doing
wpadłem,I fell into
forsy,forsy
troche,a bit
jo,joke
plotki,gossip
zazdrosny,jealous
frankie,frank
koń,horse
polu,field
vince,vince
główny,main
major,major
kupię,buy
pali,pallets
zejść,descend
połączyć,to combine
imprezy,event
ross,Ross
st,st
uwierzysz,you believe
alibi,alibi
bal,ball
próbując,trying
żyła,vein
uciekła,fled
carol,carol
skórę,skin
rusza,moving
meczu,match
zginęła,died
zjednoczonych,united
dupkiem,dump
wschód,East
zarobić,earn
wygrywa,wins
jeremy,jeremy
wręcz,evenly
zwierzę,animal
panny,bridal
nogami,legs
pociągu,train
ostrzec,warn
be,bey
wracajcie,come back
przeszedł,gone
właścicielem,owner
żal,Attachment
zabójcy,killer
przychodzą,coming
pułkownik,colonel
użył,used
niezwykle,unusually
drew,drew
płacą,wage
gorąca,hot
konto,account
resztą,rest
występ,performance
myślała,she thought
załóż,put on
jay,jay
któremu,to
dzieciaku,kid
zaczną,willing
wróciłam,I'm back
zaczęłam,I started
komórkę,mobile
żarty,jokes
cudowny,wonderful
niebezpieczeństwo,danger
próbują,try
zamknięty,closed
cena,price
jordan,Jordan
bani,bean
użyj,use
lekko,slightly
opuścił,dropped
pary,pair
znajomych,familiar
szyi,neck
dach,roof
wayne,Wayne
gaz,gas
zamknięta,closed
odwagi,courage
zasada,principle
miliona,million
ofiarę,sacrifice
każdemu,any
mieliście,you had
koncert,concert
samotna,lonely
pozostałych,remaining
piętro,floor
pewności,confidence
każ,each
randy,random
odbiło,bounced
młodych,young
magii,magic
idiotą,idiot
liczę,count
siłą,strength
głupiego,foolish
ledwie,hardly
wybieram,choose
donna,donna
beth,Beth
ciężka,heavy
laska,grace
powody,grounds
tyler,tyler
cieszyć,enjoy
rozumiemy,we understand
kurczaka,chicken
komputera,computer
catherine,Catherine
zamek,lock
wyglądała,she looked
scenę,scene
członkiem,member
rzucił,threw
greg,greg
prosiłem,I asked
michelle,michelle
przyjdą,they will come
próbujemy,we try
światem,world
zaczynaj,start
imprezie,event
uratował,saved
przypominam,I remind you
pieniędzmi,money
zrozumiałeś,you understood
poziomie,level
rogu,corner
laura,laura
choćby,even
bogaty,rich
straciłeś,you have lost
robili,made
swej,in
składa,consistent
wyjechał,fetch
sprowadzić,bring down
starczy,senile
pola,flap
przeprowadzić,carry out
pytaj,Ask
wbrew,against
toalety,toilets
zachowuje,behave
zasięgu,range
tacie,daddy
domów,homes
przeszkadzać,to disturb
śmiesz,laugh
kara,penalty
akcja,share
wolnego,free
niesamowicie,amazing
bruce,bruce
naturalnie,naturally
najwyższy,highest
sukinsynu,sukinsin
paryżu,paris
historie,stories
gramy,grams
wchodzić,enter
start,start
sprawiedliwość,Justice
zmusić,force
wygra,win
weźmie,will
can,can
zaatakował,he attacked
podzielić,to divide
szeryf,sheriff
zabrała,she took
dzieciom,children
chęcią,desire
przyznaję,admonish
man,man
margaret,margaret
roy,roe
bzdura,nonsense
latać,fly
bić,to beat
sezon,season
agentem,agent
re,re
grupę,group
wspólnie,together
liz,lick
cieszy,glad
patrick,patrick
casey,Casey
ufasz,trouble
każe,mutton
linię,line
właściciel,owner
zrobiło,done
butów,shoe
upewnij,make sure
krzyczeć,scream
uwielbia,loves
odbiera,receives
największym,biggest
zgadnę,guess
zadaniem,task
morza,sea
lasu,forest
stół,table
gwiazd,star
bezpieczni,secure
wrażeniem,impression
zamienić,convert
większości,most
spojrzenie,look
zakład,bet
powoduje,causes
wiedzy,knowledge
garażu,garage
lekarstwo,medicine
gardło,throat
białego,white
specjalne,special
żywy,alive
kościele,church
numery,numbers
stron,pages
anioł,Angel
poniżej,below
próbowałeś,you tried
próbować,to try
zeznania,testimony
zebrać,gather
procesu,process
znaleźliście,you have found
pocałować,kiss
zauważył,noticed
fantastycznie,fantastic
yo,yo
uczuć,feel
powtórzyć,to repeat
alkohol,alcohol
rachunki,bills
radzi,advises
robiliśmy,we did
ubranie,cloth
więzienie,prison
jacka,jack
krótko,short
zaprosić,invite
bohater,character
dostałaś,you got
zapłacił,he paid
potwór,monster
nosisz,you wear
roli,role
skup,purchase
związane,related
mordercy,murderer
nancy,nancy
dowiesz,you will learn
świadek,witness
ciepło,heat
koledzy,mates
plecami,back
umieścić,put
caroline,caroline
natury,natura
uderzyć,hit
wyjaśnię,explain
któryś,one
straty,loss
natalie,natalie
sprawdzam,checking
wchodzimy,we are entering
mili,mile
granicę,border
pilnuj,look after
trafić,hit
warta,guard
h,h
spróbujmy,let's try
trzeciej,third
ostatecznie,ultimately
sophie,sophie
wspaniałą,gorgeous
ziemią,Earth
whoa,whoa
draniu,bastard
oddzwonię,call
gorące,hot
morze,sea
rośnie,grows
drzwiach,door
poznał,met
howard,howard
pożar,fire
pojawia,appearing
uważają,they think
laski,sticks
odwróć,reverse
zajmuję,I occupy
przyjaźń,friendship
zabiera,takes
płaszcz,coat
stworzył,set
magia,magic
king,king
sercem,heart
zdolny,capable
sprzeciw,objection
dziury,hole
niebieski,blue
porę,time
kamera,camera
wydziału,department
maszyna,machine
przejąć,take over
towarzystwa,companionship
lecimy,we fly
dużego,big
niespodziankę,surprise
mieszkał,lived
czwartek,Thursday
baw,bauble
brown,brown
świętego,holy
trzecia,third
zwolnij,Slow
odbierz,collect
cooper,Cooper
telefonie,telephone
próbę,attempt
stanąć,string
małżeństwem,marriage
kapelusz,hat
dokończyć,to finish
niedzielę,Sunday
pańską,Lord
spał,slept
księżyca,moon
przestępstwo,offense
wchodź,come
zabicie,killing
kazałem,I told
powiedziano,said
przyjęciu,acceptance
cycki,tits
wrogiem,enemy
nadzieja,hope
piętrze,floor
west,west
lucas,lucas
oj,oh
zasługujesz,you deserve
przestaniesz,stop
wersja,version
ashley,ashley
ekstra,extra
wysłałem,I send
sposobu,method
uroczy,cute
punktów,point
bok,side
jedźmy,let
umysłu,mind
pozostanie,stay
przewagę,advantage
starą,old
doskonały,perfect
paige,paige
spotkałam,I met
ogromne,huge
zabawę,fun
zemsty,vengeance
kierowca,driver
następną,next
strzały,shots
propozycję,suggestions
kamerę,cameras
kolei,railway
bezpośrednio,directly
poddać,surrender
spencer,spencer
doug,doug
wyjdziemy,leave
opowieść,story
szeryfa,sheriff
hm,hm
carrie,Carrie
aucie,car
johnson,johnson
zostawiłeś,you left
so,so
dzieciaków,kids
sprzed,before
urocze,cute
namierzyć,taste
powierzchni,surface
młodą,young
taak,taum
marcus,marcus
wybierz,choose
dana,dana
dodać,to add
obowiązki,duties
zmierza,face
big,big
prowadził,led
abyśmy,for us
wujka,uncle
wersji,version
samochodów,car
osobie,about yourself
zgodził,agreed
ukrywać,hide
szampana,champagne
wejdzie,entering
ów,that
ostro,sharply
el,el
agentów,agents
paryża,paris
kina,cinema
zrozumiałam,I understood
kenny,kenny
scenie,scene
pańskiego,Lord
ho,ho
zaszło,happened
zoe,zoe
wielkich,large
świetle,light
zadzwoniła,she called
napisałem,I wrote
he,he
vincent,vincent
łapy,paw
wprowadzić,to introduce
spędziłem,I spent
college,college
niesamowita,amazing
nóg,legs
angela,Angela
opowiem,I will tell you
większą,bigger
kiepsko,poorly
paula,paula
zjedz,eat
wtorek,Tuesday
lato,summer
zaginął,miss
tożsamość,identity
słucha,listen
ksiądz,priest
imperium,empire
wal,shaft
alkoholu,alcohol
dziwna,odd
derek,dessert
wyobrażam,I imagine
przyszliśmy,we came
wojska,army
okropny,terrible
bałem,scar
victor,victor
podejść,approach
zgaduję,I guess
dziewczynką,girl
sny,dreamy
policjant,policeman
zabawić,entertain
what,wheat
bazie,base
obcych,foreign
straciła,lost
dwójka,two
oszalałeś,daze
mamusia,Mommy
wozu,wagon
zaledwie,just
byłbyś,you would be
bierzemy,weep
księcia,prince
zmieniają,change
dzielić,to share
michaela,michael
mistrzem,Master
riley,riley
skończyłeś,you're done
płacę,salaries
postać,character
świetną,great
kalifornii,California
sprawdźmy,let
im.,them.
przyznał,He admitted
hollywood,hollywood
próby,attempts
czuła,felt
pusty,empty
strój,outfit
śledztwa,investigation
holly,holly
porozmawiaj,let's talk
mm,mm
zostawiłam,I left
lou,loos
krzywdy,scent
most,bridge
kimkolwiek,one
mocniej,harder
maszyny,machinery
parkingu,parking
wróciłaś,you came back
nocą,at night
przestanie,stopped
biedna,poor
radzisz,you advise
wydajesz,do
puste,empty
przyjaciółki,friends
domy,houses
pragnie,desires
zajmujesz,do
kontaktu,contact
biurku,desk
piekle,hell
boją,buoy
wendy,wendy
wymyślić,invent
międzyczasie,in the meantime
ścianie,wall
jem,eat
sieć,network
starej,old
twardy,hard
wygląd,appearance
przeciwnie,contrary
zamku,castle
obozie,camp
kobietami,women
ogromny,huge
tajne,secret
przekaż,message
linia,line
sue,Sue
piszę,I'm writing
ścianę,wall
frx0,FRX0
wrócą,come back
ulubione,favorite
zatrzymał,stopped
stoisz,stand
bolało,hurt
załogi,crew
nazwał,call
odchodzę,league
lotu,flight
zostajesz,you stay
pewnej,certain
potwierdzić,to confirm
skończymy,we finish
karta,card
zdania,sentence
sukienkę,dress
zbadać,examine
dałaś,you gave
wzrok,eyesight
spotyka,fetch
przyjechała,she came
mądra,wise
noga,leg
myślimy,weigh
dużym,big
tłum,crowd
młodego,young
przeżył,survivor
dług,debt
zarzuty,allegations
radość,joy
oku,ok
wydarzy,of
zgłosić,to report
przybycie,arrival
obecności,presence
toby,it would
zrobiliście,did
zastrzelić,shoot
ciociu,aunt
shane,shane
drużynie,team
kapitanem,captain
posterunek,post
spada,falling
dostępu,access
ciuchy,clothes
specjalnego,special
zgodę,agreement
dziadka,grandfather
oskarżony,accused
dowodzi,behoof
czoła,forehead
gibbs,gibbs
wycieczkę,trips
dotknąć,touch
napad,attack
motyw,theme
czarną,black
nowo,newly
rozmawiasz,you are talking
grupahatak.pl,GroupHatak.pl
jork,york
dziurę,hole
obudzić,awaken
sprawi,causing
maja,May
badanie,test
teoria,theory
pamiętajcie,remember
wioski,village
sprzedaży,sales
świetnym,great
agencji,agency
kiepski,bad
francisco,francisco
próbki,sample
spróbujemy,We will try
adrian,adrian
oba,both
kuzyn,cousin
dłonie,hands
chodzę,I'm walking
napewno,definitely
odpowiedni,right
toast,toast
portfel,wallet
idealna,ideal
zeby,to
ellen,Ellen
wygrałem,I won
liczba,number
wyszedłem,I left
kwestii,issue
spotkał,met
puścić,let go
nazwa,name
licha,solid
święto,holiday
wzajemnie,mutually
pudełko,box
pieprzone,pepper
kup,buy
zakochany,in love
house,house
informację,information
rynku,market
mylę,mist
przeraża,frighten
b.,b.
ochronić,protect
dzisiejszy,tonight
kolesia,dug
przejście,transition
opowieści,story
rękami,hands
swych,sewing
dzwoniłem,I called
gniew,anger
lodu,ice
programie,program
przepraszamy,We apologize
wchodzisz,you come
prezenty,gifts
znoszę,I stand
fakty,facts
zgody,consent
nazywamy,we call
kupę,pup
zbieg,fugitive
fajna,cool
zadania,works
wilson,wilson
torby,bag
niezupełnie,not exactly
wartość,value
zdecydować,decide
chodzisz,you walk
wyjątkowy,exceptional
lane,lane
zmieniać,change
telewizor,TV set
udziału,participation
uderzenie,hit
brał,palace
wyspy,island
zrobiłbym,I would do
bywa,somewhat
częściej,often
przerażające,scary
obrzydliwe,disgusting
filmów,films
taksówkę,taxi
randki,dating
uważajcie,beware
popełnił,committed
zaufania,trust
młodzi,young
zasnąć,fall asleep
myśleli,thought
ciał,bodies
śnie,dream
nożem,knife
planem,plan
konta,accounts
przyszły,future
garnitur,suit
zabójcą,killer
podobny,like
uczy,teaches
załatw,settlement
wysokie,high
oczekuję,expect
domyślam,imagine
przyniósł,he brought
zdenerwowany,angry
zależało,dependent
opiekę,care
brzuch,belly
parą,couple
spadł,fell
przespać,sleep
przekonany,convinced
jennifer,jennifer
przyjemności,pleasure
prokurator,prosecutor
otwarty,open
właściwe,right
papier,paper
urazy,injury
baby,baby
uprawiać,grow
dziwką,slut
pytałem,I asked
planów,plans
pas,crimson
matthew,Matthew
obszar,area
niedorzeczne,ridiculous
hannah,Hannah
okręt,ship
współpracować,cooperate
punkty,Points
ślepy,blind
kawałków,pieces
złamać,break
quinn,quinn
nastąpi,come to
ulicę,street
wideo,video
pojedziesz,leave
obiecałeś,you promised
racje,rations
zginęli,died
łap,paw
interesów,interest
złap,catch
kupiłam,I bought
nienawidzisz,you hate
ciałem,body
jess,jess
zapłaci,paid
homer,homer
wirus,virus
stoję,stand
ramiona,arms
wyjaśnia,explain
silne,strong
dostarczyć,deliver
drań,prick
formie,form
dzielnicy,district
pozostałe,the remaining
królowej,queen
zbudować,build
większego,greater
teddy,teddy
leków,drug
powtarzać,to repeat
dodatkowe,additional
nazwę,name
otwarcie,openly
zwykłe,usually
twe,treble
pilnować,watch
potrzebujecie,I need you
poważnego,serious
allison,Allison
obserwować,observe
phoebe,phoebe
ilości,quantity
chciałaby,she would like
jadą,go
zwolniony,released
miller,miller
data,date
uczynić,make
shawn,Shawn
ochoty,foul
komandorze,commander
mięsa,meat
emocje,emotions
sydney,Sydney
pomogła,helped
cięcie,cutting
zombie,zombie
twierdzisz,you say
pada,fallow
książek,books
trop,clue
białym,white
ostrzeżenie,warning
poszukiwania,search
amerykanie,Americans
kamer,cameras
godzinie,hour
prezydentem,president
jebany,jewish
zdrowy,healthy
pozostali,remaining
zranić,hurt
posiłek,meal
robiłaś,you made
dzieło,work
kochałam,I loved
odwrócić,reverse
trzymają,hold
raj,paradise
zakończenie,end
szczera,honest
pasują,fit
trafi,will
planetę,planet
oświadczenie,statement
włóż,put on
leć,lie down
lekarstwa,medicine
traci,losing
różnicy,difference
carlos,carlos
powrocie,return
lubił,liked
podobają,like
zaczynać,begin
ann,Ann
zgodzić,agree
klatce,cage
hill,hill
steven,steven
justin,justin
pocałunek,kiss
megan,Megan
davis,davis
brad,brad
podejrzanych,suspicious
stracę,stretch
prawdziwej,TRUE
słyszycie,hear
ludzkości,humanity
stałem,permanently
odpuścić,forgive
trwało,lasting
todd,todd
nauka,science
kumpla,buddy
kontakcie,contact
powstrzyma,stoppers
poznaj,meet
podobnego,similar
rozmiar,size
świeże,fresh
zaczęły,began
zmieniłeś,you changed
przyniesie,bring
lekcji,lesson
ekipa,team
gus,gus
linie,lines
bitwy,battle
chorobę,disease
ali,ali
dowiedzą,find out
byłabym,I would be
dbam,I care
burza,storm
aparat,the camera
fanem,fan
lód,ice
radości,joy
gordon,gordon
zaczekajcie,Wait
zadowolona,satisfied
poczułem,I felt
uzyskać,obtain
spotykamy,we meet
należą,belong
biorą,take
odejdę,leave
prędkość,speed
audrey,Audrey
mistrza,champion
zaprosił,invited
ethan,Ethan
umierają,die
chuj,dick
diabeł,Devil
wybiera,chooses
złapał,caught
bałam,I was scared
pij,drink
lepszą,better
energię,energy
powinnyśmy,We should
umierać,die
niemcy,Germany
smutna,sad
jezusa,Jesus
psem,dog
poradzimy,we advise
głębi,depth
ian,ian
tańca,dance
próbowaliśmy,we tried
pijesz,you drink
szczyt,peak
przestrzeń,space
wspaniałym,wonderful
dyrektora,director
wróg,enemy
książce,book
spałem,I slept
zawiera,contains
piję,drinking
zbierać,collect
julian,julian
zabierzemy,weep
kurwy,whore
postaraj,try
tatusia,daddy
wyspę,island
dochodzenie,investigation
wezwanie,call
słyszeliśmy,we heard
humoru,humor
marie,marie
przynosi,brings
prokuratora,prosecutor
rządzi,ruler
bije,beating
delikatnie,gently
szczegółów,details
stu,stole
agenci,agents
przyjaźni,friendship
przeszła,overgrown
tył,back
wesele,wedding reception
anne,anne
zabawna,funny
odchodź,draft
zestaw,set
nicole,nicole
wzdłuż,along
przejdźmy,Let's get
pierwszych,first
przerwać,interrupt
dziwko,whore
know,know
posiadanie,possession
wracajmy,let's go back
powtórzy,repeat
zębów,teeth
siedmiu,seven
traktować,treat
wybuch,explosion
toma,it has
bart,bird
kasa,cash register
wątpienia,doubts
up,up
miss,miss
miałaby,she would have
wyjeżdżam,I am leaving
russell,russell
rodzinne,family
cudowna,wonderful
skończone,finished
stworzenia,creation
dobro,good
pułapka,trap
lauren,lauren
poślubić,marry
udawaj,pretend
celowo,deliberately
policjantem,policeman
strażnik,guard
piłka,ball
moce,mice
penny,penny
amanda,amanda
stali,steel
ciężarówki,truck
gazu,gas
hello,hello
pozostało,remaining
zwykła,ordinary
znajdziecie,you will find
pańskim,Lord
model,model
ooh,ooh
zrozumie,understand
oczekuje,expected
łzy,tears
walczy,fights
kazała,she told
próbowali,they tried
pogodzić,reconcile
white,white
czegokolwiek,anything
drinki,drinking
grant,grant
wybaczy,forgive
imieniem,named
k,k
internecie,internet
sędziego,judge
domku,cottage
waż,snake
rzeczami,inject
sceny,scene
kariery,career
szoku,shock
całość,whole
największe,biggest
ameryka,America
ser,cheese
mieszkańców,residents
zmieniłem,I changed
jakbyśmy,as if we
nagroda,award
włączyć,to turn on
marzeń,dreams
granice,boundaries
pierdolony,fucking
oczyścić,clean
poczekam,I will wait
samotnie,alone
potrzebowałem,I needed
wstań,stake
sprzedaje,sell
oliver,oliver
honor,honor
malcolm,malcolm
usług,service
with,with
this,this
trening,training
córce,daughter
keith,keith
św.,St.
nagrody,awards
ciocia,Auntie
klatki,cages
postaci,figure
wyścig,race
magazynu,warehouse
skóra,leather
góra,Mountain
policją,Police
rozum,mind
stolik,table
hałas,noise
fry0,Fry1
straż,guard
wdzięczna,thankful
przestępstwa,crime
lecę,float
patrzył,starter
odwagę,courage
nauczyciel,teacher
niezależnie,independently
wolałabym,I would prefer
zastanawiałam,wondering
narzędzia,tools
nadaje,giving
mario,mario
plemię,tribe
wypuścić,release
konsekwencje,consequences
wyobrażasz,imagine
burmistrz,mayor
odpowiednie,appropriate
jacy,which
tracy,tracy
sekcji,section
zobaczą,see
organizacji,organization
dennis,Dennis
rory,rora
bonnie,bonnily
następnej,next
numeru,number
zarówno,both
każę,reputation
zabiłam,I killed
normalny,normal
mogliby,they could
chore,chore
południowej,southern
doprowadzić,bring
dnie,bottom
odsunąć,remove
dostajesz,you get
pierce,pierce
śmiać,laugh
siak,sag
miałbyś,you would have
poprawki,amendments
używają,use
miastem,city
sorry,sorry
rozdział,chapter
śnieg,snow
pośród,among
trener,coach
potworem,monster
zostawisz,you will leave
gada,gada
dzwonisz,bell
przemyśleć,think
martwego,dead
porządek,order
tymczasem,meanwhile
mickey,mickey
kluczem,key
przyniosłam,I brought
służbie,service
rob,rob
dylan,Dylan
potwora,monster
g,g
wiedz,knowledge
plecach,back
stołu,table
źli,bad
rozmów,conversation
zauważyłeś,you noticed
jesz,you eat
pije,drink
grają,play
whisky,whiskey
dotykać,touch
najgorszy,the worst
dostaję,I get
spokojny,calm
lotnisku,airport
drobne,small
wniosek,application
niemu,not him
planeta,planet
ryba,fish
zielone,green
złość,anger
dziewczynami,girl
chleb,bread
dziesięciu,ten
porno,porn
gościu,guest
fałszywe,FALSE
szybkie,fast
wezwij,call
siedź,sit
nielegalne,illegal
zajął,fierce
pracowałam,I worked
widocznie,apparently
dziewczęta,girls
pomyślę,think
emeryturę,retirement
cele,goals
zakaz,prohibition
karę,punishment
spotka,meet
szukałam,I was looking for
zamordowany,murdered
nogach,legs
magazyn,warehouse
wierzą,believe
czekałam,I waited
pojawiła,appeared
odmówić,to refuse
taaa,taaa
lunchu,lunch
madame,Madame
haven,haven
janet,janet
przeciwnym,opposite
pewnych,certain
września,September
tamtą,that
róbcie,do
wisi,hang
zauważyć,to notice
zniknąć,disappear
osobności,separation
powiedzą,will
ron,ron
zrezygnować,give up
zjemy,weigh
księżniczka,Princess
brachu,brach
stracisz,you will lose
kość,bone
oskarżenia,accusations
myli,miserable
śledzić,to track
chodził,he went
lekarzy,doctors
wyszłam,I left
miles,mile
spróbuje,triggers
stopnia,degree
tabletki,pills
smutny,sad
walker,walker
przyjechałeś,you came
kitty,kitty
rozpocząć,to begin
randce,dating
przygotujcie,prepare
pragniesz,desire
zauważyłam,I noticed
poświęcić,spend
ceny,prices
cios,blow
włożyć,insert
jersey,jersey
bylo,was
czarnych,black
myślenia,thinking
odwołać,cancel
dowódca,commander
hasło,password
kanapie,sofa
noszę,stretcher
zastrzelił,shot
dusze,souls
anthony,Anthony
prośbę,request
skarb,treasure
tamto,that
minie,pass
miłej,nice
connor,Connor
szczęśliwe,happy
odkryć,discover
wzięłam,I took
zniknie,disappear
sztukę,art
sprawdźcie,check
liczby,numbers
posterunku,perpetrator
najwidoczniej,apparently
black,black
wychodź,exhaust
ciążę,pregnancy
blake,blake
rebecca,rebecca
liam,liam
rozmawiałaś,you talked
wracają,they are coming back
krótkie,short
wszelki,any
prochy,ashes
pilot,remote
pocałuj,kiss
adwokat,advocate
otworzę,open
psów,dog
trzecie,third
twierdzą,fortress
lord,lord
kule,crutches
wrócili,they returned
zadziałało,work
zazdrosna,jealous
długą,long
zgubiłem,I lost
martwe,dead
obiecał,he promissed
sprawdzimy,we will check
wydał,spent
koszulę,shirts
pełny,full
pamiętacie,you remember
samolocie,plane
czarnym,black
pałacu,palace
wygodnie,comfortably
zaklęcie,spell
wpadnę,fell
światu,worldly
ustach,mouth
get,Get
zrozumiał,understood
krzesło,chair
planuje,planning
tatuaż,tattoo
niezwykłe,unusually
ptaki,birds
stanowi,stipulate
spotkam,meet
poczekajcie,wait
płynie,flows
spotkajmy,meet
stanley,stanley
zabierzesz,take
pobytu,stay
klasa,grade
wirusa,virus
największą,biggest
glina,clay
wojsko,army
białych,white
neil,neil
wsi,village
jacyś,some
przysięgłych,jury
kochała,she loved
wściekła,angry
geniuszem,genius
chodzą,walk
morzu,sea
wyrwać,break out
lewis,lewis
kogokolwiek,anyone
mówiliśmy,we talked
miewa,shine
dadzą,they will give
linda,londa
noce,nonsense
mocne,strong
